Location,Temp©,Ph,Humidity (%),Air Quality,Day
A0,30.41,5.8,15.32,49,1
B0,30.41,7.3,29.4,49,1
C0,30.41,4.3,75.85,49,1
D0,30.41,6.9,27.03,49,1
E0,30.41,4.4,35.07,49,1
F0,30.41,7.2,94.87,49,1
G0,30.41,8.3,87.49,49,1
A1,30.41,8.3,44.85,49,1
B1,30.41,8.5,46.43,49,1
C1,30.41,8.7,21.53,49,1
D1,30.41,7,46.16,49,1
E1,30.41,6.8,15.19,49,1
F1,30.41,3.9,21.74,49,1
G1,30.41,4.7,19.71,49,1
A2,30.41,5.3,62.68,49,1
B2,30.41,8.2,27.87,49,1
C2,30.41,5.5,90.85,49,1
D2,30.41,8.5,30.62,49,1
E2,30.41,8.9,95.21,49,1
F2,30.41,4,22.76,49,1
G2,30.41,5.1,94.61,49,1
A3,30.41,7.9,32.13,49,1
B3,30.41,5.4,49.43,49,1
C3,30.41,7.7,33.58,49,1
D3,30.41,3.9,75.09,49,1
E3,30.41,3.8,20.16,49,1
F3,30.41,3.5,79.88,49,1
G3,30.41,8.1,96.48,49,1
A4,30.41,7.5,32.69,49,1
B4,30.41,7.8,14.86,49,1
C4,30.41,8.3,80.16,49,1
D4,30.41,3.9,79.9,49,1
E4,30.41,6.5,18.6,49,1
F4,30.41,3.9,95.6,49,1
G4,30.41,7.3,53.89,49,1
A5,30.41,7.9,44.21,49,1
B5,30.41,7.5,79.62,49,1
C5,30.41,6.3,45.31,49,1
D5,30.41,4.2,90.98,49,1
E5,30.41,4.7,66.45,49,1
F5,30.41,5.7,75.67,49,1
G5,30.41,6.6,22.58,49,1
A6,30.41,5.1,92.45,49,1
B6,30.41,6.8,95.75,49,1
C6,30.41,6.3,90.76,49,1
D6,30.41,4.7,44.58,49,1
E6,30.41,7.2,57.56,49,1
F6,30.41,8.5,80.44,49,1
G6,30.41,8,64.04,49,1
A7,30.41,4.3,95.46,49,1
B7,30.41,3.8,26.57,49,1
C7,30.41,4.8,21.34,49,1
D7,30.41,8.1,65.94,49,1
E7,30.41,3.6,93.79,49,1
F7,30.41,8.3,45.22,49,1
G7,30.41,7.5,66.93,49,1
A8,30.41,8.7,96.95,49,1
B8,30.41,7.8,71.39,49,1
C8,30.41,7,46.6,49,1
D8,30.41,5,56.87,49,1
E8,30.41,4.8,72.11,49,1
F8,30.41,7.6,91.5,49,1
G8,30.41,5,35.8,49,1
A9,30.41,4.4,72.72,49,1
B9,30.41,8.6,91.9,49,1
C9,30.41,5,44.66,49,1
D9,30.41,8.2,73.05,49,1
E9,30.41,9,83.15,49,1
F9,30.41,5.4,87.35,49,1
G9,30.41,6.5,72.1,49,1
A0,25.26,6.8,13.75,26,2
B0,25.26,8,76.11,26,2
C0,25.26,4,35.35,26,2
D0,25.26,5.6,66.68,26,2
E0,25.26,7,44.47,26,2
F0,25.26,8.3,20.94,26,2
G0,25.26,6.6,33.07,26,2
A1,25.26,6.4,43.33,26,2
B1,25.26,6.7,83.74,26,2
C1,25.26,5.1,84.43,26,2
D1,25.26,4.1,61.23,26,2
E1,25.26,4.4,73.36,26,2
F1,25.26,5.6,76.3,26,2
G1,25.26,8.5,62.2,26,2
A2,25.26,5.2,31.55,26,2
B2,25.26,6.6,82.99,26,2
C2,25.26,8.1,41.04,26,2
D2,25.26,7.6,23.88,26,2
E2,25.26,7.3,91.62,26,2
F2,25.26,5.5,81.36,26,2
G2,25.26,6.4,57.13,26,2
A3,25.26,9,98.61,26,2
B3,25.26,7.7,44.03,26,2
C3,25.26,4.9,11,26,2
D3,25.26,7.1,93.84,26,2
E3,25.26,8.2,88.95,26,2
F3,25.26,4,64.69,26,2
G3,25.26,5.6,17.72,26,2
A4,25.26,3.6,17.69,26,2
B4,25.26,6.2,18.05,26,2
C4,25.26,6.8,24.39,26,2
D4,25.26,5.5,24.62,26,2
E4,25.26,6.5,45.38,26,2
F4,25.26,8.9,48.91,26,2
G4,25.26,4.6,85.69,26,2
A5,25.26,6.6,23.81,26,2
B5,25.26,4.9,78.42,26,2
C5,25.26,3.5,89.08,26,2
D5,25.26,3.6,48.03,26,2
E5,25.26,5.8,80.56,26,2
F5,25.26,3.9,51.32,26,2
G5,25.26,8.9,34.27,26,2
A6,25.26,6.2,31.25,26,2
B6,25.26,7.4,41.8,26,2
C6,25.26,5.8,49.33,26,2
D6,25.26,4.4,13.07,26,2
E6,25.26,4.7,75.51,26,2
F6,25.26,6.9,51.01,26,2
G6,25.26,5,15.77,26,2
A7,25.26,7.1,68.03,26,2
B7,25.26,6.1,25.36,26,2
C7,25.26,6.4,14,26,2
D7,25.26,4.3,88.24,26,2
E7,25.26,6,42.37,26,2
F7,25.26,3.5,63.3,26,2
G7,25.26,7.9,31.59,26,2
A8,25.26,5.9,91.58,26,2
B8,25.26,4.6,53.77,26,2
C8,25.26,7.9,45.44,26,2
D8,25.26,7.8,29.51,26,2
E8,25.26,3.8,97.5,26,2
F8,25.26,3.6,73.71,26,2
G8,25.26,6.5,57.73,26,2
A9,25.26,4.5,49.87,26,2
B9,25.26,5.9,86.61,26,2
C9,25.26,4.3,17.14,26,2
D9,25.26,4.3,51.36,26,2
E9,25.26,7.1,68.89,26,2
F9,25.26,5.8,11.75,26,2
G9,25.26,3.8,50.06,26,2
A0,31.86,4.6,57.45,37,3
B0,31.86,4.9,64.82,37,3
C0,31.86,5.1,40.59,37,3
D0,31.86,7.9,14.33,37,3
E0,31.86,4.2,16.52,37,3
F0,31.86,3.7,10.55,37,3
G0,31.86,6.6,10.5,37,3
A1,31.86,5.8,62.26,37,3
B1,31.86,5.7,77.66,37,3
C1,31.86,4.2,41.58,37,3
D1,31.86,8.5,54.97,37,3
E1,31.86,7,72.5,37,3
F1,31.86,7.3,26.22,37,3
G1,31.86,6.7,21.41,37,3
A2,31.86,8.9,70.66,37,3
B2,31.86,7.6,23.42,37,3
C2,31.86,4,17.76,37,3
D2,31.86,6.4,98.02,37,3
E2,31.86,7.6,30.19,37,3
F2,31.86,5.2,84.59,37,3
G2,31.86,4.7,69.08,37,3
A3,31.86,6.9,66.81,37,3
B3,31.86,4.4,96.87,37,3
C3,31.86,7.6,89.09,37,3
D3,31.86,4.3,71.39,37,3
E3,31.86,3.5,66.27,37,3
F3,31.86,7.7,60.65,37,3
G3,31.86,6.3,84.56,37,3
A4,31.86,7.1,19.3,37,3
B4,31.86,5.5,78.19,37,3
C4,31.86,8.4,14.96,37,3
D4,31.86,5.3,24.33,37,3
E4,31.86,6.9,59.72,37,3
F4,31.86,3.7,80.83,37,3
G4,31.86,3.8,14.07,37,3
A5,31.86,6.4,39.28,37,3
B5,31.86,4,73.72,37,3
C5,31.86,8.3,21.8,37,3
D5,31.86,3.5,31.86,37,3
E5,31.86,8,11.76,37,3
F5,31.86,8.7,25.73,37,3
G5,31.86,6.6,13.71,37,3
A6,31.86,8.5,51.17,37,3
B6,31.86,5.4,46.38,37,3
C6,31.86,7.1,39.76,37,3
D6,31.86,6.2,40,37,3
E6,31.86,4.7,49.81,37,3
F6,31.86,8.7,24.42,37,3
G6,31.86,6.2,36.08,37,3
A7,31.86,5.2,91,37,3
B7,31.86,7.9,35.01,37,3
C7,31.86,4.4,80.95,37,3
D7,31.86,5.5,17.72,37,3
E7,31.86,7.9,44.77,37,3
F7,31.86,6.3,66,37,3
G7,31.86,7.3,52.16,37,3
A8,31.86,8.7,26.47,37,3
B8,31.86,3.5,90.5,37,3
C8,31.86,8.5,95.63,37,3
D8,31.86,8.3,90.23,37,3
E8,31.86,8.7,79.97,37,3
F8,31.86,4.2,48.08,37,3
G8,31.86,7.6,85.98,37,3
A9,31.86,8.7,16.43,37,3
B9,31.86,5.2,11.13,37,3
C9,31.86,6.4,85.63,37,3
D9,31.86,5.2,75.28,37,3
E9,31.86,5.6,89.13,37,3
F9,31.86,6.3,30.27,37,3
G9,31.86,6.5,20.48,37,3
A0,20.42,5.4,91.41,39,4
B0,20.42,7,39.91,39,4
C0,20.42,6.2,51.91,39,4
D0,20.42,7.3,74.46,39,4
E0,20.42,8.1,59.55,39,4
F0,20.42,7.5,65.97,39,4
G0,20.42,8.2,39.76,39,4
A1,20.42,5.8,81.29,39,4
B1,20.42,5.8,14.75,39,4
C1,20.42,6.1,24.87,39,4
D1,20.42,6.6,94.89,39,4
E1,20.42,5.7,57.82,39,4
F1,20.42,8.4,20.85,39,4
G1,20.42,4.1,89.09,39,4
A2,20.42,6,24.2,39,4
B2,20.42,8.2,51.15,39,4
C2,20.42,5.5,30.73,39,4
D2,20.42,3.9,10.43,39,4
E2,20.42,7,71.47,39,4
F2,20.42,8.6,62.82,39,4
G2,20.42,5.8,59.92,39,4
A3,20.42,4.8,34,39,4
B3,20.42,4.1,79.47,39,4
C3,20.42,8,10.43,39,4
D3,20.42,4.5,34.89,39,4
E3,20.42,7,72.75,39,4
F3,20.42,7.2,54.75,39,4
G3,20.42,3.9,52.67,39,4
A4,20.42,4.6,91.79,39,4
B4,20.42,4.9,71,39,4
C4,20.42,6.7,88.46,39,4
D4,20.42,4.7,53.3,39,4
E4,20.42,4,86.9,39,4
F4,20.42,7.1,44.16,39,4
G4,20.42,4.1,50.48,39,4
A5,20.42,5.4,97.14,39,4
B5,20.42,5.8,21.98,39,4
C5,20.42,4.7,72.93,39,4
D5,20.42,3.9,64.16,39,4
E5,20.42,5.4,39.45,39,4
F5,20.42,4,28.62,39,4
G5,20.42,5,72.97,39,4
A6,20.42,6.8,77.98,39,4
B6,20.42,5.8,83.34,39,4
C6,20.42,8.6,44.47,39,4
D6,20.42,5.6,92.31,39,4
E6,20.42,4.4,84.93,39,4
F6,20.42,5.7,57.09,39,4
G6,20.42,3.9,38.19,39,4
A7,20.42,8.8,60.05,39,4
B7,20.42,5.9,35.76,39,4
C7,20.42,5.9,50.42,39,4
D7,20.42,8,37.14,39,4
E7,20.42,4.1,98.2,39,4
F7,20.42,5.6,45.04,39,4
G7,20.42,6.7,19.13,39,4
A8,20.42,7.9,12.92,39,4
B8,20.42,5.8,32.07,39,4
C8,20.42,5.5,38.42,39,4
D8,20.42,6.8,92.5,39,4
E8,20.42,3.7,44.52,39,4
F8,20.42,5.2,63.62,39,4
G8,20.42,6.1,43.51,39,4
A9,20.42,8.8,14.93,39,4
B9,20.42,6.1,78.11,39,4
C9,20.42,7.3,61.73,39,4
D9,20.42,4.5,65.72,39,4
E9,20.42,5.5,67.16,39,4
F9,20.42,7.7,90.57,39,4
G9,20.42,5.8,10.38,39,4
A0,23.68,3.8,14.02,36,5
B0,23.68,7.7,92.64,36,5
C0,23.68,3.9,25.76,36,5
D0,23.68,6.9,75.39,36,5
E0,23.68,6.8,50.6,36,5
F0,23.68,4.7,40.82,36,5
G0,23.68,5.3,28.64,36,5
A1,23.68,5.7,28.55,36,5
B1,23.68,4.2,38.68,36,5
C1,23.68,6.8,29.41,36,5
D1,23.68,8.9,85.94,36,5
E1,23.68,7.2,36.18,36,5
F1,23.68,5.5,96.9,36,5
G1,23.68,6.3,78.92,36,5
A2,23.68,8.8,44.52,36,5
B2,23.68,8.9,39.81,36,5
C2,23.68,6.1,14.61,36,5
D2,23.68,6.6,99.24,36,5
E2,23.68,4.2,14.4,36,5
F2,23.68,8.4,42.41,36,5
G2,23.68,4.4,12.87,36,5
A3,23.68,7.4,54.98,36,5
B3,23.68,5.7,55.07,36,5
C3,23.68,4.4,84.07,36,5
D3,23.68,6.8,84.59,36,5
E3,23.68,4,75.52,36,5
F3,23.68,3.9,42.41,36,5
G3,23.68,5.1,34.85,36,5
A4,23.68,4.9,45.25,36,5
B4,23.68,6.1,21.93,36,5
C4,23.68,7.3,90.28,36,5
D4,23.68,7.9,11.62,36,5
E4,23.68,4,27.81,36,5
F4,23.68,3.8,90.65,36,5
G4,23.68,7.3,21.08,36,5
A5,23.68,7.4,68.41,36,5
B5,23.68,3.9,91.26,36,5
C5,23.68,6.3,70,36,5
D5,23.68,7.8,72.56,36,5
E5,23.68,6.6,12.08,36,5
F5,23.68,6.9,92.86,36,5
G5,23.68,8.4,96.18,36,5
A6,23.68,5,66.92,36,5
B6,23.68,7,77.73,36,5
C6,23.68,6.3,56.35,36,5
D6,23.68,7.8,19.04,36,5
E6,23.68,7.8,60.07,36,5
F6,23.68,8.8,68.86,36,5
G6,23.68,8.1,94.44,36,5
A7,23.68,5,94.84,36,5
B7,23.68,4.7,93.06,36,5
C7,23.68,5.8,53.53,36,5
D7,23.68,7.7,83.41,36,5
E7,23.68,3.7,64.25,36,5
F7,23.68,7.7,87.61,36,5
G7,23.68,8.5,66.53,36,5
A8,23.68,4.1,17.69,36,5
B8,23.68,8,43.48,36,5
C8,23.68,6.8,92.59,36,5
D8,23.68,8,60.97,36,5
E8,23.68,6.2,98.41,36,5
F8,23.68,5.4,46.51,36,5
G8,23.68,3.7,61.25,36,5
A9,23.68,3.8,76.82,36,5
B9,23.68,7.9,13.22,36,5
C9,23.68,3.7,14.22,36,5
D9,23.68,4.4,25.84,36,5
E9,23.68,8.7,44.64,36,5
F9,23.68,3.7,27.85,36,5
G9,23.68,6.1,20.8,36,5
A0,29.52,7.9,80.09,10,6
B0,29.52,9,66.27,10,6
C0,29.52,6.5,61.68,10,6
D0,29.52,7.8,72.73,10,6
E0,29.52,7.9,54.08,10,6
F0,29.52,3.5,68.96,10,6
G0,29.52,6,81.97,10,6
A1,29.52,9,93.98,10,6
B1,29.52,6.7,57.06,10,6
C1,29.52,6.1,33.13,10,6
D1,29.52,4.6,58.12,10,6
E1,29.52,7.9,10.1,10,6
F1,29.52,6.1,31.08,10,6
G1,29.52,5.7,90.75,10,6
A2,29.52,4.6,17.9,10,6
B2,29.52,8.8,65.85,10,6
C2,29.52,6.1,12.76,10,6
D2,29.52,3.6,73.41,10,6
E2,29.52,5.4,88.93,10,6
F2,29.52,8.6,39.69,10,6
G2,29.52,7.9,94.49,10,6
A3,29.52,4.8,62.71,10,6
B3,29.52,7.7,65.54,10,6
C3,29.52,3.7,59.95,10,6
D3,29.52,7,13.56,10,6
E3,29.52,7.4,67.9,10,6
F3,29.52,4.3,84.81,10,6
G3,29.52,6.8,54.7,10,6
A4,29.52,7.5,69.08,10,6
B4,29.52,4.7,63.33,10,6
C4,29.52,8.3,78.01,10,6
D4,29.52,8.1,16.33,10,6
E4,29.52,3.7,51.39,10,6
F4,29.52,4.2,43.95,10,6
G4,29.52,7,49.92,10,6
A5,29.52,6,56.15,10,6
B5,29.52,6,52.48,10,6
C5,29.52,7.1,66,10,6
D5,29.52,8,26.17,10,6
E5,29.52,6,59.33,10,6
F5,29.52,4.5,62.94,10,6
G5,29.52,5.2,12.38,10,6
A6,29.52,7.7,66.6,10,6
B6,29.52,5.5,69.51,10,6
C6,29.52,8.3,18.85,10,6
D6,29.52,7.3,19.57,10,6
E6,29.52,7.3,37.75,10,6
F6,29.52,6.4,21.3,10,6
G6,29.52,6.8,61.68,10,6
A7,29.52,4.3,18.35,10,6
B7,29.52,8.8,82.25,10,6
C7,29.52,4.3,36.57,10,6
D7,29.52,8.1,16.92,10,6
E7,29.52,3.8,37.98,10,6
F7,29.52,4.5,83.07,10,6
G7,29.52,5.2,74.7,10,6
A8,29.52,8.2,98.81,10,6
B8,29.52,8,74.37,10,6
C8,29.52,3.8,94.18,10,6
D8,29.52,3.8,50.35,10,6
E8,29.52,6.1,26.61,10,6
F8,29.52,8.9,44.44,10,6
G8,29.52,8.5,42.53,10,6
A9,29.52,6.2,26.64,10,6
B9,29.52,8.2,54.23,10,6
C9,29.52,5.9,73.75,10,6
D9,29.52,6.1,50.85,10,6
E9,29.52,7.6,40.46,10,6
F9,29.52,3.5,24,10,6
G9,29.52,5.2,30.76,10,6
A0,25.14,5.3,26.01,34,7
B0,25.14,6.6,82.5,34,7
C0,25.14,5.5,91.79,34,7
D0,25.14,4.6,77.43,34,7
E0,25.14,8.8,92.07,34,7
F0,25.14,5.8,84.15,34,7
G0,25.14,7.7,22.06,34,7
A1,25.14,6,17.81,34,7
B1,25.14,4.7,13.8,34,7
C1,25.14,4.5,34.07,34,7
D1,25.14,8,33.12,34,7
E1,25.14,4.7,67.7,34,7
F1,25.14,3.5,47.79,34,7
G1,25.14,5.7,16.83,34,7
A2,25.14,6.7,15.1,34,7
B2,25.14,3.7,36.98,34,7
C2,25.14,4.6,82.6,34,7
D2,25.14,8.5,13.73,34,7
E2,25.14,6.5,76.89,34,7
F2,25.14,4.9,28.06,34,7
G2,25.14,4.8,25.13,34,7
A3,25.14,9,64.41,34,7
B3,25.14,5.9,16.13,34,7
C3,25.14,5.6,62.93,34,7
D3,25.14,6.4,87.36,34,7
E3,25.14,6.3,63.22,34,7
F3,25.14,7.2,94.79,34,7
G3,25.14,4.6,14.55,34,7
A4,25.14,5.2,51.23,34,7
B4,25.14,5.4,54.21,34,7
C4,25.14,5,85.03,34,7
D4,25.14,5.6,45.64,34,7
E4,25.14,7.9,96.65,34,7
F4,25.14,3.8,96.99,34,7
G4,25.14,8.5,84.86,34,7
A5,25.14,8.8,11.84,34,7
B5,25.14,5.1,16.68,34,7
C5,25.14,8.5,33.38,34,7
D5,25.14,5.8,75.25,34,7
E5,25.14,4.5,43.08,34,7
F5,25.14,7.4,42.7,34,7
G5,25.14,7.2,64.26,34,7
A6,25.14,8.6,17.77,34,7
B6,25.14,7.5,85.75,34,7
C6,25.14,4,59.82,34,7
D6,25.14,4.9,66.93,34,7
E6,25.14,5.4,76.81,34,7
F6,25.14,7.6,67.99,34,7
G6,25.14,6.1,98.21,34,7
A7,25.14,6.3,12.49,34,7
B7,25.14,8.4,85.8,34,7
C7,25.14,8.9,12.44,34,7
D7,25.14,6.4,84.76,34,7
E7,25.14,5.5,27.15,34,7
F7,25.14,5,47.33,34,7
G7,25.14,6.8,67.97,34,7
A8,25.14,4.7,63.45,34,7
B8,25.14,6.7,24.7,34,7
C8,25.14,5,37.41,34,7
D8,25.14,4.4,20.33,34,7
E8,25.14,7.9,51.03,34,7
F8,25.14,5.4,13.8,34,7
G8,25.14,5,19.34,34,7
A9,25.14,6.6,45.37,34,7
B9,25.14,3.7,65.41,34,7
C9,25.14,7.6,41.41,34,7
D9,25.14,4.4,93.46,34,7
E9,25.14,8.3,80.1,34,7
F9,25.14,8.1,36.69,34,7
G9,25.14,6.1,60.05,34,7
A0,26.26,8,74.84,51,8
B0,26.26,5.3,62.48,51,8
C0,26.26,6.8,26.09,51,8
D0,26.26,5.6,58.91,51,8
E0,26.26,8.2,25.22,51,8
F0,26.26,6.5,90.18,51,8
G0,26.26,5.8,24.06,51,8
A1,26.26,7.3,91.36,51,8
B1,26.26,6.2,54.17,51,8
C1,26.26,4.3,84.6,51,8
D1,26.26,4.4,19.98,51,8
E1,26.26,4.9,14.68,51,8
F1,26.26,8.7,82.46,51,8
G1,26.26,3.7,81.55,51,8
A2,26.26,7.9,66.08,51,8
B2,26.26,4.2,46.62,51,8
C2,26.26,8.7,57.3,51,8
D2,26.26,4.3,71.99,51,8
E2,26.26,5,17.62,51,8
F2,26.26,6.7,45.69,51,8
G2,26.26,6.8,27.93,51,8
A3,26.26,5.9,76.46,51,8
B3,26.26,6,39.01,51,8
C3,26.26,5.4,86.9,51,8
D3,26.26,5.4,21.41,51,8
E3,26.26,8.8,60.71,51,8
F3,26.26,5.7,33.11,51,8
G3,26.26,3.9,18.85,51,8
A4,26.26,8.5,66.27,51,8
B4,26.26,4.8,76.64,51,8
C4,26.26,4.5,81.11,51,8
D4,26.26,5.9,89.78,51,8
E4,26.26,7.6,48.8,51,8
F4,26.26,7.4,45.49,51,8
G4,26.26,6.3,82.84,51,8
A5,26.26,6.3,37.92,51,8
B5,26.26,8,40.96,51,8
C5,26.26,6.3,76.58,51,8
D5,26.26,5.3,69.44,51,8
E5,26.26,7.8,41.27,51,8
F5,26.26,6,72.39,51,8
G5,26.26,7,98.7,51,8
A6,26.26,4.2,11.25,51,8
B6,26.26,7.2,84.81,51,8
C6,26.26,7.3,20.59,51,8
D6,26.26,6.6,67.64,51,8
E6,26.26,6.9,86.34,51,8
F6,26.26,4.8,25.77,51,8
G6,26.26,6.4,45.79,51,8
A7,26.26,6.8,28.38,51,8
B7,26.26,4.4,31.91,51,8
C7,26.26,4.9,54.96,51,8
D7,26.26,5.6,31.43,51,8
E7,26.26,5.7,19.47,51,8
F7,26.26,4.1,12.83,51,8
G7,26.26,6.3,79.02,51,8
A8,26.26,8.6,20.07,51,8
B8,26.26,8.5,94.25,51,8
C8,26.26,7,69.49,51,8
D8,26.26,5.9,62.75,51,8
E8,26.26,5.5,57.96,51,8
F8,26.26,6.9,72.21,51,8
G8,26.26,8.2,71.05,51,8
A9,26.26,6.3,17.83,51,8
B9,26.26,6.1,43.79,51,8
C9,26.26,7,32.74,51,8
D9,26.26,5.7,48.84,51,8
E9,26.26,5.6,35.99,51,8
F9,26.26,6.9,21.76,51,8
G9,26.26,7.8,41.1,51,8
A0,20.6,6.2,74.59,18,9
B0,20.6,5.1,27.96,18,9
C0,20.6,8.5,88.41,18,9
D0,20.6,7.1,91.44,18,9
E0,20.6,7.4,52.36,18,9
F0,20.6,8,82.6,18,9
G0,20.6,5.4,10.65,18,9
A1,20.6,3.7,46.49,18,9
B1,20.6,6.8,11.15,18,9
C1,20.6,3.7,50.41,18,9
D1,20.6,6.8,49.88,18,9
E1,20.6,4.1,35.36,18,9
F1,20.6,6.5,49.07,18,9
G1,20.6,8.3,67.31,18,9
A2,20.6,3.8,27.65,18,9
B2,20.6,7.7,90.41,18,9
C2,20.6,5.2,42.26,18,9
D2,20.6,6,94.76,18,9
E2,20.6,5.3,36.24,18,9
F2,20.6,5.7,27.25,18,9
G2,20.6,5.8,16.05,18,9
A3,20.6,7.3,91.19,18,9
B3,20.6,4,88.05,18,9
C3,20.6,4.1,48.57,18,9
D3,20.6,8.4,33.34,18,9
E3,20.6,7.8,46.37,18,9
F3,20.6,3.6,51.29,18,9
G3,20.6,4.6,36.21,18,9
A4,20.6,4.8,30.21,18,9
B4,20.6,6.7,76.27,18,9
C4,20.6,5.8,60.69,18,9
D4,20.6,4.2,49.15,18,9
E4,20.6,5.7,96.29,18,9
F4,20.6,7.4,72.44,18,9
G4,20.6,8.3,87.24,18,9
A5,20.6,8.2,24.95,18,9
B5,20.6,8.3,10.61,18,9
C5,20.6,4.9,66.87,18,9
D5,20.6,5,84.31,18,9
E5,20.6,8.1,43.8,18,9
F5,20.6,8.8,48.7,18,9
G5,20.6,4.2,38.78,18,9
A6,20.6,3.8,72.79,18,9
B6,20.6,5.1,73.55,18,9
C6,20.6,5.4,22.67,18,9
D6,20.6,6.3,62.06,18,9
E6,20.6,6.2,43.48,18,9
F6,20.6,3.7,51.08,18,9
G6,20.6,4.2,71.14,18,9
A7,20.6,4.4,48.12,18,9
B7,20.6,6.2,44.89,18,9
C7,20.6,4.9,43.19,18,9
D7,20.6,6.7,45.33,18,9
E7,20.6,4.6,83.32,18,9
F7,20.6,4.5,29.91,18,9
G7,20.6,3.6,42.58,18,9
A8,20.6,8.8,99.28,18,9
B8,20.6,6.8,73.14,18,9
C8,20.6,6.4,91.31,18,9
D8,20.6,5.3,72.8,18,9
E8,20.6,4.8,22.26,18,9
F8,20.6,5,69.26,18,9
G8,20.6,5.5,41.12,18,9
A9,20.6,3.7,71.42,18,9
B9,20.6,6.9,62.24,18,9
C9,20.6,6.3,45.34,18,9
D9,20.6,6.4,57.55,18,9
E9,20.6,7.3,54,18,9
F9,20.6,7,12.89,18,9
G9,20.6,4.7,73.19,18,9
A0,29.12,4.5,58.11,25,10
B0,29.12,6.8,36.07,25,10
C0,29.12,7.2,93.53,25,10
D0,29.12,7.7,10.64,25,10
E0,29.12,6.9,27.52,25,10
F0,29.12,5.8,70.08,25,10
G0,29.12,4.1,45.76,25,10
A1,29.12,8.7,27.11,25,10
B1,29.12,5.2,79.73,25,10
C1,29.12,7.9,88.52,25,10
D1,29.12,7.7,26.18,25,10
E1,29.12,8.5,39.3,25,10
F1,29.12,4.2,72.11,25,10
G1,29.12,5.9,98.01,25,10
A2,29.12,6.1,43.43,25,10
B2,29.12,6.2,33.55,25,10
C2,29.12,5.2,34.99,25,10
D2,29.12,5.3,62.71,25,10
E2,29.12,8.5,19.52,25,10
F2,29.12,6.3,17.18,25,10
G2,29.12,5.2,93.59,25,10
A3,29.12,7.3,36.64,25,10
B3,29.12,8.1,49.35,25,10
C3,29.12,5.4,95.98,25,10
D3,29.12,6.8,15.85,25,10
E3,29.12,8.3,55.23,25,10
F3,29.12,4.2,88.46,25,10
G3,29.12,7,59.44,25,10
A4,29.12,6.1,20.02,25,10
B4,29.12,9,45.35,25,10
C4,29.12,4,76.29,25,10
D4,29.12,6.8,96.67,25,10
E4,29.12,8.6,68.25,25,10
F4,29.12,5,25.19,25,10
G4,29.12,6.6,70.24,25,10
A5,29.12,6.4,49.68,25,10
B5,29.12,6.2,50.95,25,10
C5,29.12,3.9,53.2,25,10
D5,29.12,7,42.67,25,10
E5,29.12,6.4,21.72,25,10
F5,29.12,4.6,30.71,25,10
G5,29.12,5.4,89.7,25,10
A6,29.12,5.2,49.35,25,10
B6,29.12,7.8,70.69,25,10
C6,29.12,7.2,49.95,25,10
D6,29.12,4.4,55.52,25,10
E6,29.12,4.7,61.65,25,10
F6,29.12,8,18.22,25,10
G6,29.12,7.5,66.14,25,10
A7,29.12,4.2,67.99,25,10
B7,29.12,4.5,37.29,25,10
C7,29.12,3.8,13.02,25,10
D7,29.12,4.2,33.83,25,10
E7,29.12,3.9,44.82,25,10
F7,29.12,6.6,99.76,25,10
G7,29.12,6,20.72,25,10
A8,29.12,4.7,94.2,25,10
B8,29.12,5,84.29,25,10
C8,29.12,7.1,52.84,25,10
D8,29.12,3.6,92.79,25,10
E8,29.12,3.5,90.2,25,10
F8,29.12,4.3,74.1,25,10
G8,29.12,6.6,84.89,25,10
A9,29.12,6.3,59.31,25,10
B9,29.12,6.7,70.2,25,10
C9,29.12,4.2,45.21,25,10
D9,29.12,6.9,98.63,25,10
E9,29.12,5.7,76.12,25,10
F9,29.12,7.6,63.98,25,10
G9,29.12,6.8,11.7,25,10
A0,16.05,5.5,17.55,15,11
B0,16.05,8.5,12.85,15,11
C0,16.05,7.7,37.07,15,11
D0,16.05,5,18.78,15,11
E0,16.05,6.7,33.93,15,11
F0,16.05,8.3,72.47,15,11
G0,16.05,4.7,36.96,15,11
A1,16.05,6,75.36,15,11
B1,16.05,5.7,70.17,15,11
C1,16.05,8.5,14.95,15,11
D1,16.05,7.8,86.75,15,11
E1,16.05,6.4,77.98,15,11
F1,16.05,8.9,43.76,15,11
G1,16.05,5.2,57.08,15,11
A2,16.05,5.8,95.79,15,11
B2,16.05,4.8,37.17,15,11
C2,16.05,5.1,62.49,15,11
D2,16.05,5.5,98.7,15,11
E2,16.05,4.6,73.23,15,11
F2,16.05,4.1,53.11,15,11
G2,16.05,6.6,71.33,15,11
A3,16.05,8.2,81.83,15,11
B3,16.05,7.6,49.16,15,11
C3,16.05,6,78.4,15,11
D3,16.05,6.6,17.09,15,11
E3,16.05,8.8,89.89,15,11
F3,16.05,7,47.67,15,11
G3,16.05,7.6,12.84,15,11
A4,16.05,5.7,25.31,15,11
B4,16.05,8.7,61.78,15,11
C4,16.05,8.3,47.65,15,11
D4,16.05,7.7,87.51,15,11
E4,16.05,3.5,27.47,15,11
F4,16.05,7.2,64.65,15,11
G4,16.05,4.3,98.27,15,11
A5,16.05,8.4,96.26,15,11
B5,16.05,3.7,13.15,15,11
C5,16.05,5.4,23.24,15,11
D5,16.05,6.8,89.12,15,11
E5,16.05,6,96.5,15,11
F5,16.05,8.3,41.69,15,11
G5,16.05,5.5,31.94,15,11
A6,16.05,8.7,34.74,15,11
B6,16.05,5.1,40.51,15,11
C6,16.05,6.3,17.8,15,11
D6,16.05,8.5,32.63,15,11
E6,16.05,8,44.34,15,11
F6,16.05,7.7,76.3,15,11
G6,16.05,4.7,36.91,15,11
A7,16.05,6.4,76.72,15,11
B7,16.05,8.3,73.37,15,11
C7,16.05,8.2,92.56,15,11
D7,16.05,7.4,94.68,15,11
E7,16.05,6,31.6,15,11
F7,16.05,7.1,61.04,15,11
G7,16.05,6.7,58.56,15,11
A8,16.05,5.1,32.09,15,11
B8,16.05,5,13.14,15,11
C8,16.05,8.9,58.44,15,11
D8,16.05,7.3,20.54,15,11
E8,16.05,8,42.21,15,11
F8,16.05,7,46.7,15,11
G8,16.05,3.8,31.16,15,11
A9,16.05,7.6,19.81,15,11
B9,16.05,6.5,16.56,15,11
C9,16.05,7.2,85.01,15,11
D9,16.05,6.6,81.82,15,11
E9,16.05,3.6,66.85,15,11
F9,16.05,6.4,85.11,15,11
G9,16.05,5,50.39,15,11
A0,28.96,3.9,79.72,17,12
B0,28.96,4.9,69.55,17,12
C0,28.96,8.3,83.04,17,12
D0,28.96,8.2,72.19,17,12
E0,28.96,8.9,98.18,17,12
F0,28.96,6.5,30.23,17,12
G0,28.96,5.7,96.26,17,12
A1,28.96,3.6,17.07,17,12
B1,28.96,7.3,85.45,17,12
C1,28.96,8.6,37.01,17,12
D1,28.96,4.5,27.19,17,12
E1,28.96,3.6,78.92,17,12
F1,28.96,8,34.53,17,12
G1,28.96,3.8,95.15,17,12
A2,28.96,8.1,59.7,17,12
B2,28.96,5.3,80.76,17,12
C2,28.96,4.2,86.35,17,12
D2,28.96,4.8,90.23,17,12
E2,28.96,7.5,44.45,17,12
F2,28.96,4.1,14.21,17,12
G2,28.96,8.6,71.44,17,12
A3,28.96,5.5,41.54,17,12
B3,28.96,9,18.2,17,12
C3,28.96,5.1,20,17,12
D3,28.96,7.2,68.19,17,12
E3,28.96,4.1,22.74,17,12
F3,28.96,8.3,35.51,17,12
G3,28.96,5,98.33,17,12
A4,28.96,3.5,48.6,17,12
B4,28.96,7.2,52.33,17,12
C4,28.96,4.6,50.79,17,12
D4,28.96,5.5,68.65,17,12
E4,28.96,5.8,42.1,17,12
F4,28.96,7.2,42.26,17,12
G4,28.96,4,57.36,17,12
A5,28.96,4.5,87.82,17,12
B5,28.96,5.2,40.08,17,12
C5,28.96,8,39.69,17,12
D5,28.96,6.8,28.41,17,12
E5,28.96,5.3,42.41,17,12
F5,28.96,5,77.51,17,12
G5,28.96,6.1,59.72,17,12
A6,28.96,6.2,83.34,17,12
B6,28.96,5.5,40.9,17,12
C6,28.96,6.1,31.64,17,12
D6,28.96,4.7,63.15,17,12
E6,28.96,5.4,69.18,17,12
F6,28.96,8.6,61.77,17,12
G6,28.96,3.9,97.17,17,12
A7,28.96,6.6,63.68,17,12
B7,28.96,8,79.24,17,12
C7,28.96,8.7,54.1,17,12
D7,28.96,7.2,26.01,17,12
E7,28.96,6.7,36.84,17,12
F7,28.96,4.2,76.83,17,12
G7,28.96,7.9,90.57,17,12
A8,28.96,8.5,61.48,17,12
B8,28.96,6.3,63.61,17,12
C8,28.96,8.2,93.48,17,12
D8,28.96,4.8,99.9,17,12
E8,28.96,5.2,35.91,17,12
F8,28.96,8.9,41.34,17,12
G8,28.96,7.2,34.84,17,12
A9,28.96,8.1,11.09,17,12
B9,28.96,7.3,96.34,17,12
C9,28.96,8.1,30.4,17,12
D9,28.96,6.5,84.83,17,12
E9,28.96,5.6,73.56,17,12
F9,28.96,5.1,93.25,17,12
G9,28.96,4.4,47.12,17,12
A0,16.53,5.6,60.61,17,13
B0,16.53,6.4,15.56,17,13
C0,16.53,6.3,28.63,17,13
D0,16.53,8.4,55.49,17,13
E0,16.53,8.1,69.26,17,13
F0,16.53,6.3,98.26,17,13
G0,16.53,8.1,96.65,17,13
A1,16.53,4.7,32.15,17,13
B1,16.53,4.3,14.43,17,13
C1,16.53,6.4,78.45,17,13
D1,16.53,6,51.88,17,13
E1,16.53,6.8,85.65,17,13
F1,16.53,3.8,49.18,17,13
G1,16.53,5.1,52.63,17,13
A2,16.53,4.6,78.71,17,13
B2,16.53,3.5,20.48,17,13
C2,16.53,7.1,14.79,17,13
D2,16.53,3.9,81.73,17,13
E2,16.53,4.6,13.24,17,13
F2,16.53,5.4,96.25,17,13
G2,16.53,4,28.91,17,13
A3,16.53,5.4,15.19,17,13
B3,16.53,6.3,74.24,17,13
C3,16.53,8.2,87.14,17,13
D3,16.53,3.6,73.03,17,13
E3,16.53,6.1,15.39,17,13
F3,16.53,8.8,61.83,17,13
G3,16.53,4.4,80.46,17,13
A4,16.53,8.3,23.38,17,13
B4,16.53,3.9,61.03,17,13
C4,16.53,8.5,54.58,17,13
D4,16.53,8.8,53.34,17,13
E4,16.53,8.5,70.73,17,13
F4,16.53,8.6,26.22,17,13
G4,16.53,6.4,23.75,17,13
A5,16.53,8.9,81.55,17,13
B5,16.53,7.4,20.38,17,13
C5,16.53,6.1,75.14,17,13
D5,16.53,6.7,97.11,17,13
E5,16.53,4.1,68.36,17,13
F5,16.53,6.4,96.16,17,13
G5,16.53,7.9,17.6,17,13
A6,16.53,4,39.76,17,13
B6,16.53,4.5,51.3,17,13
C6,16.53,6.7,31.03,17,13
D6,16.53,7.9,80.54,17,13
E6,16.53,3.9,68.15,17,13
F6,16.53,7.9,43.61,17,13
G6,16.53,4.7,95.79,17,13
A7,16.53,3.7,57.2,17,13
B7,16.53,7.5,32.51,17,13
C7,16.53,8,23.09,17,13
D7,16.53,8.9,64.73,17,13
E7,16.53,5,42.68,17,13
F7,16.53,6.3,82.48,17,13
G7,16.53,7.3,50.37,17,13
A8,16.53,4,73.32,17,13
B8,16.53,7.4,38.12,17,13
C8,16.53,4.7,17.37,17,13
D8,16.53,6.4,18.48,17,13
E8,16.53,3.6,33.73,17,13
F8,16.53,7.7,77.81,17,13
G8,16.53,8.2,60.09,17,13
A9,16.53,6.5,56.34,17,13
B9,16.53,4.9,81.01,17,13
C9,16.53,6.4,60.93,17,13
D9,16.53,7.5,81.13,17,13
E9,16.53,6.7,16.56,17,13
F9,16.53,4.8,70.37,17,13
G9,16.53,3.7,16.5,17,13
A0,18.41,4,89.64,37,14
B0,18.41,4.2,75.95,37,14
C0,18.41,3.6,66.79,37,14
D0,18.41,5.5,94.95,37,14
E0,18.41,6.6,28.97,37,14
F0,18.41,4.1,31.9,37,14
G0,18.41,7.4,63.97,37,14
A1,18.41,6.1,53.28,37,14
B1,18.41,5.6,88.65,37,14
C1,18.41,5.6,29.84,37,14
D1,18.41,5.6,31.71,37,14
E1,18.41,6.3,58.52,37,14
F1,18.41,7.5,57.96,37,14
G1,18.41,8.7,11.9,37,14
A2,18.41,8.6,61.8,37,14
B2,18.41,5.4,60.19,37,14
C2,18.41,7.8,12.9,37,14
D2,18.41,7.1,98.97,37,14
E2,18.41,4.3,78.67,37,14
F2,18.41,4.7,71.35,37,14
G2,18.41,4.5,51.47,37,14
A3,18.41,7.5,65.64,37,14
B3,18.41,6.7,47.25,37,14
C3,18.41,5.1,20.45,37,14
D3,18.41,8.4,12.01,37,14
E3,18.41,6.4,18.96,37,14
F3,18.41,4.2,10.28,37,14
G3,18.41,4.5,31.79,37,14
A4,18.41,5.1,16.91,37,14
B4,18.41,6.6,32.63,37,14
C4,18.41,4.8,85.65,37,14
D4,18.41,7.9,85.63,37,14
E4,18.41,8.7,13.65,37,14
F4,18.41,7.2,53.35,37,14
G4,18.41,5.5,36.63,37,14
A5,18.41,8.5,72.28,37,14
B5,18.41,5.6,43.12,37,14
C5,18.41,7.7,92.5,37,14
D5,18.41,5.7,47.7,37,14
E5,18.41,5.6,62.95,37,14
F5,18.41,6,28.22,37,14
G5,18.41,6.2,50.65,37,14
A6,18.41,8.6,47.24,37,14
B6,18.41,8,45.49,37,14
C6,18.41,5.4,95.58,37,14
D6,18.41,5.5,63.3,37,14
E6,18.41,6.6,81.48,37,14
F6,18.41,4.4,93.36,37,14
G6,18.41,6.1,47.63,37,14
A7,18.41,8.7,65.55,37,14
B7,18.41,7.4,28.5,37,14
C7,18.41,6.4,99.29,37,14
D7,18.41,3.5,57.87,37,14
E7,18.41,7.4,12.56,37,14
F7,18.41,6.4,26.74,37,14
G7,18.41,8.1,35.83,37,14
A8,18.41,5.1,82.82,37,14
B8,18.41,7,22.17,37,14
C8,18.41,6.6,62.95,37,14
D8,18.41,6,97.43,37,14
E8,18.41,6.2,56.14,37,14
F8,18.41,7.2,27.08,37,14
G8,18.41,6,65.1,37,14
A9,18.41,7.1,19.8,37,14
B9,18.41,6.2,81.8,37,14
C9,18.41,5.4,28.6,37,14
D9,18.41,7.5,85.96,37,14
E9,18.41,3.9,19.2,37,14
F9,18.41,4,94.74,37,14
G9,18.41,8.6,98.47,37,14
A0,25.61,5.9,61.92,17,15
B0,25.61,7.1,49.44,17,15
C0,25.61,5.8,66.41,17,15
D0,25.61,7.4,24.62,17,15
E0,25.61,6,13.53,17,15
F0,25.61,7.7,20.35,17,15
G0,25.61,7.6,61.09,17,15
A1,25.61,7.3,60.01,17,15
B1,25.61,3.6,59.33,17,15
C1,25.61,5.8,66.71,17,15
D1,25.61,5.6,70.26,17,15
E1,25.61,4.3,56.55,17,15
F1,25.61,7.3,86.44,17,15
G1,25.61,3.8,93.97,17,15
A2,25.61,5.1,76.2,17,15
B2,25.61,8.1,96.4,17,15
C2,25.61,8.1,26.71,17,15
D2,25.61,7.2,53.09,17,15
E2,25.61,7.8,37.02,17,15
F2,25.61,6.8,98.66,17,15
G2,25.61,4,65.32,17,15
A3,25.61,5.2,60.24,17,15
B3,25.61,5.8,45.09,17,15
C3,25.61,5.5,36.74,17,15
D3,25.61,6.5,87.49,17,15
E3,25.61,5.4,58.26,17,15
F3,25.61,4.4,53,17,15
G3,25.61,8.1,25.91,17,15
A4,25.61,8.9,45.3,17,15
B4,25.61,8.6,43.12,17,15
C4,25.61,6.7,17.12,17,15
D4,25.61,7,78.35,17,15
E4,25.61,4.5,24.11,17,15
F4,25.61,8.1,99.67,17,15
G4,25.61,5.6,16.98,17,15
A5,25.61,5,34.09,17,15
B5,25.61,6.6,56.71,17,15
C5,25.61,5.8,31.58,17,15
D5,25.61,5,96.28,17,15
E5,25.61,6.5,21.14,17,15
F5,25.61,5.1,64.9,17,15
G5,25.61,3.8,48.51,17,15
A6,25.61,7.6,66.99,17,15
B6,25.61,6.8,88.93,17,15
C6,25.61,5,53.84,17,15
D6,25.61,6.1,24.05,17,15
E6,25.61,8.1,74.67,17,15
F6,25.61,4.9,66.37,17,15
G6,25.61,8.6,19.61,17,15
A7,25.61,8,30.21,17,15
B7,25.61,3.8,47.57,17,15
C7,25.61,5.6,96.88,17,15
D7,25.61,7.2,19.03,17,15
E7,25.61,5.9,48.51,17,15
F7,25.61,6.6,17.49,17,15
G7,25.61,7.3,15.03,17,15
A8,25.61,7.6,35.08,17,15
B8,25.61,5.1,18.74,17,15
C8,25.61,4.7,98.3,17,15
D8,25.61,8.8,21.2,17,15
E8,25.61,5.9,36.41,17,15
F8,25.61,6,11.19,17,15
G8,25.61,8.5,90.62,17,15
A9,25.61,7.4,60.76,17,15
B9,25.61,3.6,99.95,17,15
C9,25.61,9,36.64,17,15
D9,25.61,5.3,28.81,17,15
E9,25.61,8.9,43.29,17,15
F9,25.61,6.3,53.95,17,15
G9,25.61,5.6,89.01,17,15
A0,17.61,5.3,59.22,39,16
B0,17.61,8.9,19.65,39,16
C0,17.61,6.9,74.02,39,16
D0,17.61,4.9,35.44,39,16
E0,17.61,8,74.32,39,16
F0,17.61,7,69.16,39,16
G0,17.61,6.1,16.68,39,16
A1,17.61,6,58.73,39,16
B1,17.61,8.1,73.19,39,16
C1,17.61,6.5,38.84,39,16
D1,17.61,6.6,49.25,39,16
E1,17.61,4,24.31,39,16
F1,17.61,8.1,49.03,39,16
G1,17.61,3.7,61.31,39,16
A2,17.61,6,13.74,39,16
B2,17.61,7.8,62.12,39,16
C2,17.61,5.8,64.14,39,16
D2,17.61,5.5,15.27,39,16
E2,17.61,4,46.84,39,16
F2,17.61,7.7,47.34,39,16
G2,17.61,7.1,84.13,39,16
A3,17.61,4.3,68.61,39,16
B3,17.61,8.3,68.45,39,16
C3,17.61,8.2,14.55,39,16
D3,17.61,7,10.39,39,16
E3,17.61,3.8,53.56,39,16
F3,17.61,5.2,27.69,39,16
G3,17.61,6.7,38.5,39,16
A4,17.61,3.9,37.2,39,16
B4,17.61,7.7,96.48,39,16
C4,17.61,7.7,29.05,39,16
D4,17.61,6,72.51,39,16
E4,17.61,8,16.98,39,16
F4,17.61,4.9,65.05,39,16
G4,17.61,8.9,27.08,39,16
A5,17.61,3.5,95.73,39,16
B5,17.61,7.7,75.07,39,16
C5,17.61,4.8,87.49,39,16
D5,17.61,7.5,43.37,39,16
E5,17.61,5,66.77,39,16
F5,17.61,8.5,15.62,39,16
G5,17.61,7.4,71.14,39,16
A6,17.61,6.8,59.9,39,16
B6,17.61,4.2,59.92,39,16
C6,17.61,7.4,16,39,16
D6,17.61,5.2,74.02,39,16
E6,17.61,6.3,39.37,39,16
F6,17.61,8.2,92.09,39,16
G6,17.61,4.6,87.28,39,16
A7,17.61,3.7,52.03,39,16
B7,17.61,4.3,76.35,39,16
C7,17.61,4.8,92.55,39,16
D7,17.61,7.4,81.21,39,16
E7,17.61,7.4,84.52,39,16
F7,17.61,8.9,42.93,39,16
G7,17.61,6.9,14.35,39,16
A8,17.61,4.3,67.18,39,16
B8,17.61,7.2,69.59,39,16
C8,17.61,3.9,32.96,39,16
D8,17.61,6.5,89.54,39,16
E8,17.61,6.8,64.17,39,16
F8,17.61,3.7,20.91,39,16
G8,17.61,8.5,62.09,39,16
A9,17.61,8.4,69.71,39,16
B9,17.61,8.3,22.07,39,16
C9,17.61,4.1,75.59,39,16
D9,17.61,5.3,47.31,39,16
E9,17.61,6.4,24.52,39,16
F9,17.61,7.4,96.85,39,16
G9,17.61,8.8,41.23,39,16
A0,13.34,8.5,38.42,51,17
B0,13.34,7.2,38.53,51,17
C0,13.34,8.5,50.37,51,17
D0,13.34,7.1,69.49,51,17
E0,13.34,7.3,10.87,51,17
F0,13.34,7.3,53.64,51,17
G0,13.34,5,91.47,51,17
A1,13.34,6.2,87.14,51,17
B1,13.34,6.8,66.49,51,17
C1,13.34,8.7,24.17,51,17
D1,13.34,7.2,51.76,51,17
E1,13.34,8.7,37.92,51,17
F1,13.34,7.9,14.25,51,17
G1,13.34,5.4,58.51,51,17
A2,13.34,5.2,60.05,51,17
B2,13.34,3.9,27.27,51,17
C2,13.34,8.4,14.75,51,17
D2,13.34,7,72.62,51,17
E2,13.34,7.6,95.14,51,17
F2,13.34,4.7,23.05,51,17
G2,13.34,7.9,78.59,51,17
A3,13.34,7.2,44.11,51,17
B3,13.34,8.2,84.91,51,17
C3,13.34,4.2,18.64,51,17
D3,13.34,6.7,89.38,51,17
E3,13.34,8.7,48.66,51,17
F3,13.34,4.3,98.04,51,17
G3,13.34,6.9,56.48,51,17
A4,13.34,6.4,62.82,51,17
B4,13.34,4.9,66.48,51,17
C4,13.34,7.5,89.83,51,17
D4,13.34,7.3,18.31,51,17
E4,13.34,4.5,80.08,51,17
F4,13.34,7,31.63,51,17
G4,13.34,6.1,72.69,51,17
A5,13.34,6.5,94.91,51,17
B5,13.34,7.7,47.77,51,17
C5,13.34,5.8,37.66,51,17
D5,13.34,5.8,14.88,51,17
E5,13.34,6.6,19.96,51,17
F5,13.34,3.7,62.97,51,17
G5,13.34,4.6,96.2,51,17
A6,13.34,7.7,70.97,51,17
B6,13.34,5,16.54,51,17
C6,13.34,8.8,33.48,51,17
D6,13.34,3.6,31.26,51,17
E6,13.34,8.7,77.71,51,17
F6,13.34,6.9,72.78,51,17
G6,13.34,5.8,75.32,51,17
A7,13.34,6,86.8,51,17
B7,13.34,6.3,97.44,51,17
C7,13.34,8.3,64.08,51,17
D7,13.34,4.3,15.83,51,17
E7,13.34,8.3,12.09,51,17
F7,13.34,7.9,63.61,51,17
G7,13.34,5.5,22.44,51,17
A8,13.34,5,84.43,51,17
B8,13.34,5.6,98.04,51,17
C8,13.34,8.3,11.79,51,17
D8,13.34,7.3,16.08,51,17
E8,13.34,8.3,22,51,17
F8,13.34,5.3,80.81,51,17
G8,13.34,8.8,56.09,51,17
A9,13.34,8.5,78.21,51,17
B9,13.34,6.8,85.27,51,17
C9,13.34,3.8,72.28,51,17
D9,13.34,4.2,46.29,51,17
E9,13.34,6.4,92.94,51,17
F9,13.34,4.4,31.75,51,17
G9,13.34,4.2,76.48,51,17
A0,19.31,7,22.65,48,18
B0,19.31,8.7,75.94,48,18
C0,19.31,6.3,36.34,48,18
D0,19.31,6.2,35.71,48,18
E0,19.31,7.9,22.57,48,18
F0,19.31,5.4,85.35,48,18
G0,19.31,6.6,98.87,48,18
A1,19.31,5,72.73,48,18
B1,19.31,5,26.89,48,18
C1,19.31,3.9,26.92,48,18
D1,19.31,7,48.82,48,18
E1,19.31,6.1,96.28,48,18
F1,19.31,4.5,71.18,48,18
G1,19.31,6.9,58.78,48,18
A2,19.31,3.7,48.53,48,18
B2,19.31,8.7,50.82,48,18
C2,19.31,5.1,91.66,48,18
D2,19.31,6.4,50.54,48,18
E2,19.31,8.3,35.05,48,18
F2,19.31,4.7,42.91,48,18
G2,19.31,5.3,60.92,48,18
A3,19.31,5.7,77.16,48,18
B3,19.31,4.6,67.19,48,18
C3,19.31,6,42.24,48,18
D3,19.31,6.9,31.4,48,18
E3,19.31,5.6,78.72,48,18
F3,19.31,4.2,26.45,48,18
G3,19.31,7.7,80.37,48,18
A4,19.31,7.1,56.42,48,18
B4,19.31,4.2,36.08,48,18
C4,19.31,4.3,94.69,48,18
D4,19.31,5.2,18.84,48,18
E4,19.31,4.7,79.91,48,18
F4,19.31,3.5,27.15,48,18
G4,19.31,7.5,48.7,48,18
A5,19.31,5.9,26.26,48,18
B5,19.31,3.9,67.32,48,18
C5,19.31,4.9,80.66,48,18
D5,19.31,7.4,14.19,48,18
E5,19.31,6.6,84.51,48,18
F5,19.31,5.9,71.7,48,18
G5,19.31,8.6,70.8,48,18
A6,19.31,8.4,80.46,48,18
B6,19.31,4.1,54.17,48,18
C6,19.31,6,68.76,48,18
D6,19.31,8.8,35.95,48,18
E6,19.31,6,14.59,48,18
F6,19.31,3.7,61.44,48,18
G6,19.31,7.8,74.22,48,18
A7,19.31,7.1,53.56,48,18
B7,19.31,7,84.15,48,18
C7,19.31,6.6,12.84,48,18
D7,19.31,6.3,25.23,48,18
E7,19.31,5.8,55.49,48,18
F7,19.31,7.3,82.87,48,18
G7,19.31,8.7,98.01,48,18
A8,19.31,8,78.22,48,18
B8,19.31,8.4,30.32,48,18
C8,19.31,4.2,66.4,48,18
D8,19.31,8,26.25,48,18
E8,19.31,5.2,45.83,48,18
F8,19.31,3.8,81.93,48,18
G8,19.31,7.6,40.33,48,18
A9,19.31,7.7,39.35,48,18
B9,19.31,3.8,18.13,48,18
C9,19.31,6.7,53.29,48,18
D9,19.31,3.9,49.84,48,18
E9,19.31,6.9,34.33,48,18
F9,19.31,8.8,64.39,48,18
G9,19.31,5.3,78.42,48,18
A0,30.05,9,86.19,30,19
B0,30.05,7.8,81.58,30,19
C0,30.05,4.8,58.17,30,19
D0,30.05,5.2,50.36,30,19
E0,30.05,6.6,91.34,30,19
F0,30.05,7.5,26.78,30,19
G0,30.05,6.9,46.13,30,19
A1,30.05,7.2,38.03,30,19
B1,30.05,4.3,32.22,30,19
C1,30.05,5.6,21.27,30,19
D1,30.05,6,75.39,30,19
E1,30.05,8.7,41.34,30,19
F1,30.05,8,80.86,30,19
G1,30.05,8.7,66.51,30,19
A2,30.05,6.9,73.96,30,19
B2,30.05,6.9,54.64,30,19
C2,30.05,5,54.37,30,19
D2,30.05,5.3,79.78,30,19
E2,30.05,7.5,59.4,30,19
F2,30.05,8.8,11.91,30,19
G2,30.05,5.1,79.92,30,19
A3,30.05,7,58.05,30,19
B3,30.05,8.2,17.08,30,19
C3,30.05,3.8,67.77,30,19
D3,30.05,3.7,66.59,30,19
E3,30.05,4.6,93.6,30,19
F3,30.05,8.6,78.32,30,19
G3,30.05,4.5,49.95,30,19
A4,30.05,3.7,28.5,30,19
B4,30.05,4.7,64.41,30,19
C4,30.05,7.2,12.09,30,19
D4,30.05,6.5,28.26,30,19
E4,30.05,4.5,37.52,30,19
F4,30.05,6.2,81.69,30,19
G4,30.05,6.1,76.18,30,19
A5,30.05,5.9,59.32,30,19
B5,30.05,4.5,21.45,30,19
C5,30.05,6.4,14.71,30,19
D5,30.05,3.6,60.47,30,19
E5,30.05,6.2,21.46,30,19
F5,30.05,5,98.55,30,19
G5,30.05,4.3,97.3,30,19
A6,30.05,8.6,26.68,30,19
B6,30.05,5.9,46.74,30,19
C6,30.05,4.5,42.05,30,19
D6,30.05,7.6,95.53,30,19
E6,30.05,5.1,59.87,30,19
F6,30.05,7.8,61.72,30,19
G6,30.05,6.4,68.7,30,19
A7,30.05,7.7,88.23,30,19
B7,30.05,7.3,25.21,30,19
C7,30.05,4.1,85.79,30,19
D7,30.05,6.7,37.29,30,19
E7,30.05,7.7,95.91,30,19
F7,30.05,4.8,85.18,30,19
G7,30.05,7.4,84.91,30,19
A8,30.05,3.6,36.83,30,19
B8,30.05,7.3,45.6,30,19
C8,30.05,7.2,94.6,30,19
D8,30.05,5.1,22.6,30,19
E8,30.05,5.5,67.11,30,19
F8,30.05,6.7,15.13,30,19
G8,30.05,5.6,41.41,30,19
A9,30.05,3.9,45.35,30,19
B9,30.05,6,25.72,30,19
C9,30.05,8.2,99.53,30,19
D9,30.05,5.5,21.55,30,19
E9,30.05,7.3,18.48,30,19
F9,30.05,5.6,26.15,30,19
G9,30.05,6.1,57.98,30,19
A0,20.92,8.8,67.2,17,20
B0,20.92,6.5,65.63,17,20
C0,20.92,5.6,12.93,17,20
D0,20.92,6.2,67.07,17,20
E0,20.92,8.2,96.42,17,20
F0,20.92,8.7,65.06,17,20
G0,20.92,8.6,98.63,17,20
A1,20.92,6.9,37.08,17,20
B1,20.92,8.2,93.45,17,20
C1,20.92,8.3,17.24,17,20
D1,20.92,6.7,13.03,17,20
E1,20.92,6.7,30.11,17,20
F1,20.92,4.8,27.83,17,20
G1,20.92,7.6,25.51,17,20
A2,20.92,3.8,22.18,17,20
B2,20.92,5.9,13.01,17,20
C2,20.92,6.6,49.59,17,20
D2,20.92,8.7,67.59,17,20
E2,20.92,3.8,88.78,17,20
F2,20.92,6.4,20.39,17,20
G2,20.92,4.1,60.17,17,20
A3,20.92,6.3,18.61,17,20
B3,20.92,8.6,33.3,17,20
C3,20.92,8.4,88.38,17,20
D3,20.92,6.1,18.42,17,20
E3,20.92,8.6,77,17,20
F3,20.92,6,13.57,17,20
G3,20.92,5,24.61,17,20
A4,20.92,7.9,13.62,17,20
B4,20.92,7.2,75.27,17,20
C4,20.92,6.6,31.42,17,20
D4,20.92,7.6,76.88,17,20
E4,20.92,4.7,87.01,17,20
F4,20.92,4.1,41.93,17,20
G4,20.92,3.6,63.57,17,20
A5,20.92,8.2,92.8,17,20
B5,20.92,8.8,78.99,17,20
C5,20.92,3.6,34.19,17,20
D5,20.92,6.9,98.7,17,20
E5,20.92,5.6,69.39,17,20
F5,20.92,8.5,22.4,17,20
G5,20.92,3.7,13.4,17,20
A6,20.92,7.6,42.22,17,20
B6,20.92,6.2,75.64,17,20
C6,20.92,8.3,15.9,17,20
D6,20.92,8.4,25.8,17,20
E6,20.92,7,91.71,17,20
F6,20.92,4.7,90.49,17,20
G6,20.92,5.9,43.88,17,20
A7,20.92,7.8,44.93,17,20
B7,20.92,5.8,84.57,17,20
C7,20.92,5.2,49.25,17,20
D7,20.92,6.2,92.99,17,20
E7,20.92,8.1,20.24,17,20
F7,20.92,8.3,79.44,17,20
G7,20.92,5.9,13.43,17,20
A8,20.92,8,92.62,17,20
B8,20.92,5.4,28.48,17,20
C8,20.92,5.2,24.94,17,20
D8,20.92,4.3,34.34,17,20
E8,20.92,5.8,36.26,17,20
F8,20.92,6.1,21.97,17,20
G8,20.92,5.7,35.78,17,20
A9,20.92,8.2,31.58,17,20
B9,20.92,7.4,79.82,17,20
C9,20.92,3.9,73.22,17,20
D9,20.92,4.9,28.29,17,20
E9,20.92,7.2,76.22,17,20
F9,20.92,5.2,25.84,17,20
G9,20.92,7.5,31.86,17,20
A0,28.88,8.7,57.33,44,21
B0,28.88,7.6,33.75,44,21
C0,28.88,8.8,83.38,44,21
D0,28.88,4.4,96.2,44,21
E0,28.88,5,66.34,44,21
F0,28.88,8.7,31.12,44,21
G0,28.88,3.6,72.5,44,21
A1,28.88,8.1,45.81,44,21
B1,28.88,5.9,87.52,44,21
C1,28.88,7.7,92.85,44,21
D1,28.88,8.1,62.68,44,21
E1,28.88,6.6,59.68,44,21
F1,28.88,7.4,39.47,44,21
G1,28.88,7.9,50.13,44,21
A2,28.88,8.7,87.7,44,21
B2,28.88,4,17.39,44,21
C2,28.88,8,45.39,44,21
D2,28.88,5.1,98.97,44,21
E2,28.88,6.6,97.85,44,21
F2,28.88,6.1,37,44,21
G2,28.88,8.8,26.2,44,21
A3,28.88,7,94.76,44,21
B3,28.88,4.1,12.53,44,21
C3,28.88,8.4,55.46,44,21
D3,28.88,3.9,28.33,44,21
E3,28.88,3.8,80.28,44,21
F3,28.88,5,11.08,44,21
G3,28.88,8,21,44,21
A4,28.88,6.1,34.57,44,21
B4,28.88,7.9,87.28,44,21
C4,28.88,4,62.64,44,21
D4,28.88,4.2,56.79,44,21
E4,28.88,5.2,72.22,44,21
F4,28.88,3.7,10.38,44,21
G4,28.88,8.3,37.2,44,21
A5,28.88,4.7,23.14,44,21
B5,28.88,5.5,58.24,44,21
C5,28.88,6.3,77.03,44,21
D5,28.88,7.4,68.43,44,21
E5,28.88,5.2,62.43,44,21
F5,28.88,5.3,51.79,44,21
G5,28.88,8,73.55,44,21
A6,28.88,7.2,53.36,44,21
B6,28.88,6.7,76.13,44,21
C6,28.88,4.5,32.34,44,21
D6,28.88,6.7,68.38,44,21
E6,28.88,8.9,66.32,44,21
F6,28.88,3.6,78.45,44,21
G6,28.88,8.5,77.5,44,21
A7,28.88,6.1,47.45,44,21
B7,28.88,4.8,66.69,44,21
C7,28.88,9,21.01,44,21
D7,28.88,7.5,46.57,44,21
E7,28.88,5.2,12.74,44,21
F7,28.88,8,46.82,44,21
G7,28.88,5.5,67.95,44,21
A8,28.88,4,93.08,44,21
B8,28.88,8.4,17.74,44,21
C8,28.88,4,38.25,44,21
D8,28.88,7.2,83.76,44,21
E8,28.88,6.5,16.2,44,21
F8,28.88,5,20.83,44,21
G8,28.88,7.9,28.01,44,21
A9,28.88,4.3,39.39,44,21
B9,28.88,5,84.38,44,21
C9,28.88,7.5,17.89,44,21
D9,28.88,3.7,89.44,44,21
E9,28.88,4.6,72.93,44,21
F9,28.88,3.6,28.74,44,21
G9,28.88,6.5,32.2,44,21
A0,11.03,8.3,94.87,43,22
B0,11.03,5,22.19,43,22
C0,11.03,6.3,78.83,43,22
D0,11.03,8.9,15,43,22
E0,11.03,7.7,75.73,43,22
F0,11.03,4.1,42.49,43,22
G0,11.03,8.2,97.97,43,22
A1,11.03,8.7,45.98,43,22
B1,11.03,5.1,48.3,43,22
C1,11.03,8.9,11.9,43,22
D1,11.03,8.2,44,43,22
E1,11.03,4.1,60.69,43,22
F1,11.03,6.7,23.31,43,22
G1,11.03,5.9,51.36,43,22
A2,11.03,8.3,98.15,43,22
B2,11.03,7.2,89.64,43,22
C2,11.03,7.7,99.79,43,22
D2,11.03,7.7,76.25,43,22
E2,11.03,4.2,99.1,43,22
F2,11.03,3.7,58.25,43,22
G2,11.03,4.9,16.08,43,22
A3,11.03,4,55.95,43,22
B3,11.03,5.3,15.82,43,22
C3,11.03,3.9,27.44,43,22
D3,11.03,6.3,73.71,43,22
E3,11.03,8.6,90.05,43,22
F3,11.03,8.8,60.59,43,22
G3,11.03,7,77.4,43,22
A4,11.03,4.3,64.85,43,22
B4,11.03,6.5,69.05,43,22
C4,11.03,7.3,25.5,43,22
D4,11.03,6.3,47.82,43,22
E4,11.03,4.2,56.55,43,22
F4,11.03,5.6,24.97,43,22
G4,11.03,4.5,26.36,43,22
A5,11.03,8.8,36.66,43,22
B5,11.03,7.4,88.45,43,22
C5,11.03,4.4,38.67,43,22
D5,11.03,6.8,54.29,43,22
E5,11.03,3.7,77.64,43,22
F5,11.03,5.3,96.27,43,22
G5,11.03,7.3,58.61,43,22
A6,11.03,4.3,85.6,43,22
B6,11.03,7.4,53.67,43,22
C6,11.03,5.6,23.77,43,22
D6,11.03,7,58.72,43,22
E6,11.03,8,97.73,43,22
F6,11.03,8.7,35.64,43,22
G6,11.03,7.5,24.9,43,22
A7,11.03,6.8,83.35,43,22
B7,11.03,4.9,24.66,43,22
C7,11.03,8.9,47.16,43,22
D7,11.03,7.7,75.77,43,22
E7,11.03,8.5,10.39,43,22
F7,11.03,5.3,61.53,43,22
G7,11.03,8.1,27.78,43,22
A8,11.03,8.9,96.18,43,22
B8,11.03,7.7,39.28,43,22
C8,11.03,7.1,19.46,43,22
D8,11.03,8.7,78.23,43,22
E8,11.03,6.8,49.46,43,22
F8,11.03,4.6,22.97,43,22
G8,11.03,6.1,15.78,43,22
A9,11.03,5.4,85.96,43,22
B9,11.03,6.2,84.38,43,22
C9,11.03,6.2,21.15,43,22
D9,11.03,5.7,88.09,43,22
E9,11.03,4.1,14.75,43,22
F9,11.03,6.1,57.79,43,22
G9,11.03,3.7,91.41,43,22
A0,19.28,4.7,81.15,45,23
B0,19.28,3.9,93.99,45,23
C0,19.28,6.4,52.93,45,23
D0,19.28,8,33.96,45,23
E0,19.28,3.8,45.77,45,23
F0,19.28,5.7,77.04,45,23
G0,19.28,7.6,39.69,45,23
A1,19.28,4.9,58.68,45,23
B1,19.28,8.1,19.83,45,23
C1,19.28,8.9,97.02,45,23
D1,19.28,8.6,50.47,45,23
E1,19.28,7.6,67.83,45,23
F1,19.28,6.2,36.59,45,23
G1,19.28,5,91.51,45,23
A2,19.28,5.3,48.53,45,23
B2,19.28,4.8,77.74,45,23
C2,19.28,7.1,91.89,45,23
D2,19.28,5.9,61.41,45,23
E2,19.28,8.7,63.52,45,23
F2,19.28,4.9,83.84,45,23
G2,19.28,8,52.86,45,23
A3,19.28,7.9,50.22,45,23
B3,19.28,6.2,51.58,45,23
C3,19.28,8.2,37.85,45,23
D3,19.28,8.7,93.21,45,23
E3,19.28,8.1,49.59,45,23
F3,19.28,3.5,15.28,45,23
G3,19.28,5.6,81.51,45,23
A4,19.28,8,68.63,45,23
B4,19.28,7,64.08,45,23
C4,19.28,8.1,50.25,45,23
D4,19.28,4.1,31.08,45,23
E4,19.28,6.8,17.72,45,23
F4,19.28,4.1,92.76,45,23
G4,19.28,6.4,34.69,45,23
A5,19.28,6.4,42.73,45,23
B5,19.28,6.2,53.19,45,23
C5,19.28,8.2,70.31,45,23
D5,19.28,4,84.21,45,23
E5,19.28,5,82.67,45,23
F5,19.28,7,64.95,45,23
G5,19.28,5.1,16.17,45,23
A6,19.28,8.6,19.94,45,23
B6,19.28,5.8,20.2,45,23
C6,19.28,3.8,76.28,45,23
D6,19.28,6.9,58.63,45,23
E6,19.28,6.3,42.15,45,23
F6,19.28,4.7,61.68,45,23
G6,19.28,9,88.94,45,23
A7,19.28,3.6,20.04,45,23
B7,19.28,4.8,37.66,45,23
C7,19.28,4.7,38.69,45,23
D7,19.28,3.6,53.03,45,23
E7,19.28,5.4,80.38,45,23
F7,19.28,7.8,99.45,45,23
G7,19.28,6,70,45,23
A8,19.28,6.7,37.04,45,23
B8,19.28,8.8,57.64,45,23
C8,19.28,8.7,45.76,45,23
D8,19.28,4.2,61.91,45,23
E8,19.28,4.2,97.33,45,23
F8,19.28,3.7,60.34,45,23
G8,19.28,6.2,64.47,45,23
A9,19.28,8.7,63.49,45,23
B9,19.28,6.4,94.3,45,23
C9,19.28,3.6,54.14,45,23
D9,19.28,8.4,23.36,45,23
E9,19.28,6.1,69.94,45,23
F9,19.28,6.6,38.7,45,23
G9,19.28,7.1,40.94,45,23
A0,20.15,6.1,42.22,53,24
B0,20.15,7,69.23,53,24
C0,20.15,5.2,26.01,53,24
D0,20.15,5.4,61.55,53,24
E0,20.15,8.9,58.59,53,24
F0,20.15,3.9,19.86,53,24
G0,20.15,7,16.1,53,24
A1,20.15,4.6,95.89,53,24
B1,20.15,5.5,89.73,53,24
C1,20.15,3.9,87.09,53,24
D1,20.15,3.9,80.31,53,24
E1,20.15,5.2,18.57,53,24
F1,20.15,6.5,71.07,53,24
G1,20.15,5.4,87.74,53,24
A2,20.15,6,83.49,53,24
B2,20.15,5.3,86.14,53,24
C2,20.15,8.2,66.08,53,24
D2,20.15,6,15.17,53,24
E2,20.15,8.9,64.57,53,24
F2,20.15,8.9,51.13,53,24
G2,20.15,6,25.56,53,24
A3,20.15,7.6,45.06,53,24
B3,20.15,4,69.59,53,24
C3,20.15,4.7,58.85,53,24
D3,20.15,6.2,44.07,53,24
E3,20.15,8.4,22.58,53,24
F3,20.15,5.2,86.05,53,24
G3,20.15,3.7,12.94,53,24
A4,20.15,5,90.29,53,24
B4,20.15,5.1,29.6,53,24
C4,20.15,8.4,55.83,53,24
D4,20.15,8,40.17,53,24
E4,20.15,6,88.86,53,24
F4,20.15,6,90.24,53,24
G4,20.15,7,41.59,53,24
A5,20.15,3.8,36.77,53,24
B5,20.15,4.9,89.57,53,24
C5,20.15,6.2,11.39,53,24
D5,20.15,5.3,68.93,53,24
E5,20.15,6.1,11.65,53,24
F5,20.15,7.8,87.39,53,24
G5,20.15,6.8,25.83,53,24
A6,20.15,8,70.19,53,24
B6,20.15,3.6,74.18,53,24
C6,20.15,8.7,54.24,53,24
D6,20.15,5.1,99.84,53,24
E6,20.15,4,76.36,53,24
F6,20.15,6.4,63.52,53,24
G6,20.15,4.7,53.9,53,24
A7,20.15,4.9,73.82,53,24
B7,20.15,4.7,28,53,24
C7,20.15,8.2,88.6,53,24
D7,20.15,8.9,69.71,53,24
E7,20.15,4.2,48.61,53,24
F7,20.15,8.9,92.19,53,24
G7,20.15,6.8,60.88,53,24
A8,20.15,4.5,73.11,53,24
B8,20.15,8.1,38.75,53,24
C8,20.15,5,96.85,53,24
D8,20.15,3.7,39.5,53,24
E8,20.15,6,45.28,53,24
F8,20.15,7,91.67,53,24
G8,20.15,4.7,98.36,53,24
A9,20.15,6.6,83.65,53,24
B9,20.15,8.6,53.33,53,24
C9,20.15,7.1,36.64,53,24
D9,20.15,8.5,23.06,53,24
E9,20.15,7.3,13.54,53,24
F9,20.15,5.7,30,53,24
G9,20.15,7.8,62.4,53,24
A0,12.84,8.2,64.42,24,25
B0,12.84,5,29.84,24,25
C0,12.84,5.2,58.7,24,25
D0,12.84,7.6,49.55,24,25
E0,12.84,6.5,11.4,24,25
F0,12.84,9,76.29,24,25
G0,12.84,8.8,27.99,24,25
A1,12.84,7.7,49.84,24,25
B1,12.84,7.4,19.89,24,25
C1,12.84,3.6,30.22,24,25
D1,12.84,4.4,58.72,24,25
E1,12.84,4.5,66.16,24,25
F1,12.84,7.4,68.8,24,25
G1,12.84,9,30.49,24,25
A2,12.84,7.1,35.54,24,25
B2,12.84,5.5,44.2,24,25
C2,12.84,6,91.71,24,25
D2,12.84,5.2,99.82,24,25
E2,12.84,4.4,17.44,24,25
F2,12.84,6.2,99.23,24,25
G2,12.84,6.2,89.53,24,25
A3,12.84,4.6,48.24,24,25
B3,12.84,5.1,89.67,24,25
C3,12.84,4.7,20.08,24,25
D3,12.84,6.3,57.87,24,25
E3,12.84,7.6,27.9,24,25
F3,12.84,8.9,70.21,24,25
G3,12.84,8.2,63.72,24,25
A4,12.84,7.1,52.04,24,25
B4,12.84,4.3,85.19,24,25
C4,12.84,5.6,59.41,24,25
D4,12.84,5.3,30.47,24,25
E4,12.84,8.4,98.25,24,25
F4,12.84,3.9,39.36,24,25
G4,12.84,4.6,73.86,24,25
A5,12.84,8.7,85.35,24,25
B5,12.84,3.6,77.98,24,25
C5,12.84,5.6,23.95,24,25
D5,12.84,3.9,89.33,24,25
E5,12.84,8.5,16.14,24,25
F5,12.84,6,97.03,24,25
G5,12.84,4.1,25.59,24,25
A6,12.84,7.8,26.58,24,25
B6,12.84,4.6,68.21,24,25
C6,12.84,4,49.23,24,25
D6,12.84,8.8,91.5,24,25
E6,12.84,7.7,95.47,24,25
F6,12.84,7.8,67.73,24,25
G6,12.84,7.8,20.38,24,25
A7,12.84,6.3,11.76,24,25
B7,12.84,6.8,86.29,24,25
C7,12.84,7.8,96.61,24,25
D7,12.84,7.3,61.27,24,25
E7,12.84,6.2,73.24,24,25
F7,12.84,3.9,46.2,24,25
G7,12.84,6.9,76.06,24,25
A8,12.84,3.8,52.82,24,25
B8,12.84,6.7,10.77,24,25
C8,12.84,8.8,46.71,24,25
D8,12.84,3.6,39.44,24,25
E8,12.84,5.1,48.08,24,25
F8,12.84,7.5,44.68,24,25
G8,12.84,4.5,56.29,24,25
A9,12.84,6.1,51.75,24,25
B9,12.84,7.6,29.89,24,25
C9,12.84,8.8,85.57,24,25
D9,12.84,7.9,10.33,24,25
E9,12.84,3.7,87.57,24,25
F9,12.84,7.8,27.82,24,25
G9,12.84,8.5,39.76,24,25
A0,26.71,4.2,30.65,32,26
B0,26.71,8.2,29.47,32,26
C0,26.71,5.1,48.27,32,26
D0,26.71,7.5,49.45,32,26
E0,26.71,8.7,61.83,32,26
F0,26.71,6.2,76.91,32,26
G0,26.71,5,93.59,32,26
A1,26.71,5.6,37.27,32,26
B1,26.71,8.1,23.39,32,26
C1,26.71,8.9,33.93,32,26
D1,26.71,7.5,73.22,32,26
E1,26.71,5.4,98.2,32,26
F1,26.71,8.8,46.75,32,26
G1,26.71,3.7,69.11,32,26
A2,26.71,4.9,55.47,32,26
B2,26.71,6.2,23.34,32,26
C2,26.71,5,43.03,32,26
D2,26.71,6.5,40.66,32,26
E2,26.71,8.1,14.74,32,26
F2,26.71,4.1,38.54,32,26
G2,26.71,7,44.84,32,26
A3,26.71,8.9,38.61,32,26
B3,26.71,7.4,22.86,32,26
C3,26.71,7.2,79.98,32,26
D3,26.71,9,20.36,32,26
E3,26.71,8.9,78.48,32,26
F3,26.71,7.9,70.37,32,26
G3,26.71,8.1,44.75,32,26
A4,26.71,8.3,23.79,32,26
B4,26.71,4.9,82.36,32,26
C4,26.71,8,27.64,32,26
D4,26.71,8.1,30.84,32,26
E4,26.71,7.9,58.83,32,26
F4,26.71,6.6,80.02,32,26
G4,26.71,3.7,22.7,32,26
A5,26.71,5.8,74.72,32,26
B5,26.71,5.7,93.68,32,26
C5,26.71,8,90.18,32,26
D5,26.71,4,16.68,32,26
E5,26.71,3.6,45.68,32,26
F5,26.71,5.4,69.96,32,26
G5,26.71,3.6,76.27,32,26
A6,26.71,4.1,90.66,32,26
B6,26.71,4.7,71.23,32,26
C6,26.71,8.1,95.45,32,26
D6,26.71,5.4,83.15,32,26
E6,26.71,4.1,85.9,32,26
F6,26.71,3.5,55.68,32,26
G6,26.71,5.4,91.43,32,26
A7,26.71,3.7,15.93,32,26
B7,26.71,7.6,23.27,32,26
C7,26.71,8.6,17.71,32,26
D7,26.71,7.3,93.5,32,26
E7,26.71,7.9,65.65,32,26
F7,26.71,5.3,93.46,32,26
G7,26.71,8.1,82.46,32,26
A8,26.71,4.8,80.91,32,26
B8,26.71,6.3,94.82,32,26
C8,26.71,4.6,85.72,32,26
D8,26.71,6.8,94.04,32,26
E8,26.71,5.8,46.75,32,26
F8,26.71,6.6,60.33,32,26
G8,26.71,6.1,44.57,32,26
A9,26.71,4.4,16.49,32,26
B9,26.71,8.8,98.71,32,26
C9,26.71,6.4,41.2,32,26
D9,26.71,8.9,24.84,32,26
E9,26.71,6,88.46,32,26
F9,26.71,5.7,58.4,32,26
G9,26.71,7.3,80.45,32,26
A0,26.51,7.2,60.96,18,27
B0,26.51,7.8,14.08,18,27
C0,26.51,5.9,50.81,18,27
D0,26.51,8.3,91.19,18,27
E0,26.51,4.8,33.79,18,27
F0,26.51,7.3,31.88,18,27
G0,26.51,3.6,90.61,18,27
A1,26.51,7.4,58.65,18,27
B1,26.51,4.5,97.78,18,27
C1,26.51,5.3,41.47,18,27
D1,26.51,8.8,51.67,18,27
E1,26.51,7.3,36.27,18,27
F1,26.51,6.9,27.04,18,27
G1,26.51,7.2,10.76,18,27
A2,26.51,4.5,77.24,18,27
B2,26.51,6.9,79.84,18,27
C2,26.51,7.2,93.83,18,27
D2,26.51,5.9,46.49,18,27
E2,26.51,7.8,38.8,18,27
F2,26.51,6.4,13.29,18,27
G2,26.51,6.1,38.16,18,27
A3,26.51,7.5,98.55,18,27
B3,26.51,8.1,75.37,18,27
C3,26.51,6.4,76.03,18,27
D3,26.51,8.9,37.26,18,27
E3,26.51,5.5,80.25,18,27
F3,26.51,6.5,56.76,18,27
G3,26.51,6.1,33.44,18,27
A4,26.51,5.8,95.96,18,27
B4,26.51,4.8,57.67,18,27
C4,26.51,5.7,36.75,18,27
D4,26.51,7.3,17.93,18,27
E4,26.51,4.7,42.5,18,27
F4,26.51,8,66.58,18,27
G4,26.51,7,30.14,18,27
A5,26.51,7.9,13.42,18,27
B5,26.51,6.1,76.35,18,27
C5,26.51,5.5,71.55,18,27
D5,26.51,6.2,30.55,18,27
E5,26.51,5.2,31.68,18,27
F5,26.51,5,83.4,18,27
G5,26.51,8.7,36.75,18,27
A6,26.51,3.6,13.75,18,27
B6,26.51,5.5,42.25,18,27
C6,26.51,8.4,64.55,18,27
D6,26.51,7.6,39.87,18,27
E6,26.51,5.8,13.2,18,27
F6,26.51,6.1,65.39,18,27
G6,26.51,8.8,91.33,18,27
A7,26.51,5.6,84.14,18,27
B7,26.51,8.4,41.93,18,27
C7,26.51,7.8,37.72,18,27
D7,26.51,5.4,48.04,18,27
E7,26.51,7,67.6,18,27
F7,26.51,4.5,87.65,18,27
G7,26.51,3.6,81.37,18,27
A8,26.51,5.6,88.71,18,27
B8,26.51,8.7,68.65,18,27
C8,26.51,8.6,17.59,18,27
D8,26.51,8.3,75.78,18,27
E8,26.51,8.9,14.61,18,27
F8,26.51,8.7,26.3,18,27
G8,26.51,5.5,12.42,18,27
A9,26.51,5.7,60.01,18,27
B9,26.51,7.2,78.25,18,27
C9,26.51,8,45.76,18,27
D9,26.51,8.4,35.75,18,27
E9,26.51,5.4,81.6,18,27
F9,26.51,8.6,63.39,18,27
G9,26.51,5.8,57.81,18,27
A0,13.56,4.2,35.8,46,28
B0,13.56,6.7,29.91,46,28
C0,13.56,8.1,90.85,46,28
D0,13.56,6.4,76.3,46,28
E0,13.56,3.8,94.7,46,28
F0,13.56,6.2,23.63,46,28
G0,13.56,6,53.23,46,28
A1,13.56,4,71.23,46,28
B1,13.56,6.1,69.91,46,28
C1,13.56,4,51.95,46,28
D1,13.56,6.7,50.87,46,28
E1,13.56,4.1,62.25,46,28
F1,13.56,7,70.22,46,28
G1,13.56,3.7,38.53,46,28
A2,13.56,3.8,21.36,46,28
B2,13.56,8.6,92.4,46,28
C2,13.56,7.5,47.39,46,28
D2,13.56,7.3,62.09,46,28
E2,13.56,5.6,10.52,46,28
F2,13.56,5.5,34.84,46,28
G2,13.56,4.2,87,46,28
A3,13.56,8.8,62.06,46,28
B3,13.56,4.5,29.85,46,28
C3,13.56,5,74.1,46,28
D3,13.56,3.8,68.33,46,28
E3,13.56,4.6,61.84,46,28
F3,13.56,6.6,24.59,46,28
G3,13.56,6,79.35,46,28
A4,13.56,6.9,92.63,46,28
B4,13.56,3.9,55.33,46,28
C4,13.56,6.8,71.37,46,28
D4,13.56,6.6,13.03,46,28
E4,13.56,5.1,61.89,46,28
F4,13.56,6.6,29.79,46,28
G4,13.56,5.1,54.11,46,28
A5,13.56,3.9,23.42,46,28
B5,13.56,7.5,81.65,46,28
C5,13.56,4.3,94.61,46,28
D5,13.56,5.2,39.2,46,28
E5,13.56,4.7,16.99,46,28
F5,13.56,4.3,81.45,46,28
G5,13.56,4.4,72.74,46,28
A6,13.56,4.4,58.26,46,28
B6,13.56,8.3,53.36,46,28
C6,13.56,8.8,96.91,46,28
D6,13.56,5.5,51.16,46,28
E6,13.56,5.2,93.33,46,28
F6,13.56,6.7,90.01,46,28
G6,13.56,6.6,63.38,46,28
A7,13.56,8,78.9,46,28
B7,13.56,6.3,48.95,46,28
C7,13.56,4.2,67.73,46,28
D7,13.56,3.7,92.72,46,28
E7,13.56,4.7,89.82,46,28
F7,13.56,5.2,15.43,46,28
G7,13.56,7.6,14.62,46,28
A8,13.56,3.6,59.89,46,28
B8,13.56,6.3,16.9,46,28
C8,13.56,4.6,61.78,46,28
D8,13.56,6,79.65,46,28
E8,13.56,6.1,47.37,46,28
F8,13.56,6,65.41,46,28
G8,13.56,8.6,85.34,46,28
A9,13.56,8.2,82.24,46,28
B9,13.56,6.1,73.75,46,28
C9,13.56,7.6,24.81,46,28
D9,13.56,5.1,59.33,46,28
E9,13.56,6.1,70.77,46,28
F9,13.56,3.9,66.42,46,28
G9,13.56,7.2,91.7,46,28
A0,10.78,5.7,38.26,9,29
B0,10.78,7,68.71,9,29
C0,10.78,7.3,43.2,9,29
D0,10.78,4.3,52.88,9,29
E0,10.78,7,59.6,9,29
F0,10.78,4.5,45.82,9,29
G0,10.78,6.4,92.91,9,29
A1,10.78,3.6,77.62,9,29
B1,10.78,7.2,43.49,9,29
C1,10.78,7.2,33.26,9,29
D1,10.78,7.6,29.86,9,29
E1,10.78,6.4,50.79,9,29
F1,10.78,8.5,88.84,9,29
G1,10.78,8.3,86.62,9,29
A2,10.78,7.9,68.26,9,29
B2,10.78,8.4,38.1,9,29
C2,10.78,3.5,93.42,9,29
D2,10.78,7.7,73.51,9,29
E2,10.78,5.9,14.69,9,29
F2,10.78,5.9,40.48,9,29
G2,10.78,3.6,48.05,9,29
A3,10.78,9,19.37,9,29
B3,10.78,7.3,13,9,29
C3,10.78,8.9,21.31,9,29
D3,10.78,4.4,19.84,9,29
E3,10.78,7.5,45.78,9,29
F3,10.78,8.3,94.3,9,29
G3,10.78,7.2,62.65,9,29
A4,10.78,8.4,28.3,9,29
B4,10.78,5.3,84.6,9,29
C4,10.78,8.1,94.69,9,29
D4,10.78,8.5,79.4,9,29
E4,10.78,4.9,83,9,29
F4,10.78,8.4,81.47,9,29
G4,10.78,6.6,10.06,9,29
A5,10.78,7.3,72.72,9,29
B5,10.78,8.7,54.67,9,29
C5,10.78,7.6,92.14,9,29
D5,10.78,7.4,16.84,9,29
E5,10.78,3.9,43.88,9,29
F5,10.78,7.2,19.03,9,29
G5,10.78,8.1,43.91,9,29
A6,10.78,6.7,43.54,9,29
B6,10.78,6.4,51.89,9,29
C6,10.78,6.3,80.89,9,29
D6,10.78,5.4,14.21,9,29
E6,10.78,5.6,56.8,9,29
F6,10.78,4.1,92.97,9,29
G6,10.78,5.7,77.89,9,29
A7,10.78,3.7,12.07,9,29
B7,10.78,5.3,72.78,9,29
C7,10.78,4.4,12.75,9,29
D7,10.78,3.9,29.94,9,29
E7,10.78,8.8,68.35,9,29
F7,10.78,4.2,17.33,9,29
G7,10.78,4.4,51.68,9,29
A8,10.78,6,24.35,9,29
B8,10.78,8.8,41.87,9,29
C8,10.78,3.8,90.8,9,29
D8,10.78,7.9,98.35,9,29
E8,10.78,8.5,98.2,9,29
F8,10.78,4,54.53,9,29
G8,10.78,8,26.2,9,29
A9,10.78,6.1,96.14,9,29
B9,10.78,8.6,62.15,9,29
C9,10.78,6.2,13.96,9,29
D9,10.78,5.9,89.88,9,29
E9,10.78,8.5,56.41,9,29
F9,10.78,5.3,49.29,9,29
G9,10.78,9,97.98,9,29
A0,17.81,6,29.22,36,30
B0,17.81,4,43.86,36,30
C0,17.81,5.9,40.05,36,30
D0,17.81,7.8,38.02,36,30
E0,17.81,6.2,97.86,36,30
F0,17.81,8.5,45.78,36,30
G0,17.81,5.9,74.95,36,30
A1,17.81,6,23.23,36,30
B1,17.81,7.9,53.23,36,30
C1,17.81,4,14.05,36,30
D1,17.81,7.4,14.96,36,30
E1,17.81,5.8,51.1,36,30
F1,17.81,6.7,71.81,36,30
G1,17.81,3.9,49.02,36,30
A2,17.81,6.9,17.04,36,30
B2,17.81,8.4,91.07,36,30
C2,17.81,6.4,39.65,36,30
D2,17.81,7.9,14.63,36,30
E2,17.81,6.1,72.66,36,30
F2,17.81,6.5,83.58,36,30
G2,17.81,7.5,15.46,36,30
A3,17.81,5.1,17.48,36,30
B3,17.81,6.4,56.45,36,30
C3,17.81,6.3,55.37,36,30
D3,17.81,7.1,51.33,36,30
E3,17.81,5.5,99.96,36,30
F3,17.81,4.5,77.87,36,30
G3,17.81,3.9,84.64,36,30
A4,17.81,3.6,30.8,36,30
B4,17.81,4.7,10.74,36,30
C4,17.81,8.1,66.16,36,30
D4,17.81,5,86.51,36,30
E4,17.81,4.6,65.09,36,30
F4,17.81,5.2,45.56,36,30
G4,17.81,6.5,23.49,36,30
A5,17.81,4.3,41.88,36,30
B5,17.81,4.5,20.85,36,30
C5,17.81,3.7,49.91,36,30
D5,17.81,3.7,34.22,36,30
E5,17.81,3.8,14.11,36,30
F5,17.81,8.4,90.61,36,30
G5,17.81,7,86.42,36,30
A6,17.81,4.8,41.29,36,30
B6,17.81,6.2,88.22,36,30
C6,17.81,6.3,70.04,36,30
D6,17.81,6.5,33.44,36,30
E6,17.81,8.6,27.34,36,30
F6,17.81,4.6,62.93,36,30
G6,17.81,7.2,84.28,36,30
A7,17.81,6.6,12.48,36,30
B7,17.81,7.2,89.56,36,30
C7,17.81,3.8,84.62,36,30
D7,17.81,4.5,25.9,36,30
E7,17.81,8.7,23.97,36,30
F7,17.81,5.4,62.61,36,30
G7,17.81,5.6,46.91,36,30
A8,17.81,6.2,32.98,36,30
B8,17.81,7.7,18.58,36,30
C8,17.81,5,48.04,36,30
D8,17.81,7.8,77.61,36,30
E8,17.81,5.7,21.88,36,30
F8,17.81,8.6,46.48,36,30
G8,17.81,5.7,71.6,36,30
A9,17.81,6.2,55.76,36,30
B9,17.81,4.6,20.25,36,30
C9,17.81,8.3,21.56,36,30
D9,17.81,5.2,43.82,36,30
E9,17.81,4.3,56.75,36,30
F9,17.81,8,51.84,36,30
G9,17.81,4.1,84.44,36,30
A0,11.7,6.8,72.55,33,31
B0,11.7,4.6,50.89,33,31
C0,11.7,4.1,58.57,33,31
D0,11.7,6.9,63.05,33,31
E0,11.7,3.6,25.97,33,31
F0,11.7,6.9,90.95,33,31
G0,11.7,4,28.48,33,31
A1,11.7,5.9,74.21,33,31
B1,11.7,3.6,34.35,33,31
C1,11.7,8.2,68.95,33,31
D1,11.7,4.6,49.97,33,31
E1,11.7,8.2,48.54,33,31
F1,11.7,5.1,72.53,33,31
G1,11.7,5.1,75.92,33,31
A2,11.7,5.5,86.63,33,31
B2,11.7,4.4,28.99,33,31
C2,11.7,7,18.02,33,31
D2,11.7,7.7,50.89,33,31
E2,11.7,5.3,41.91,33,31
F2,11.7,6.2,18.74,33,31
G2,11.7,5.7,56.25,33,31
A3,11.7,6.1,59.98,33,31
B3,11.7,5.2,87.79,33,31
C3,11.7,4.5,81.6,33,31
D3,11.7,6.7,86.02,33,31
E3,11.7,7.1,82.77,33,31
F3,11.7,6.9,70.57,33,31
G3,11.7,6.6,10.25,33,31
A4,11.7,6.5,83.44,33,31
B4,11.7,5.8,49.93,33,31
C4,11.7,8.9,23.66,33,31
D4,11.7,5.3,59.9,33,31
E4,11.7,6.1,30.24,33,31
F4,11.7,8.2,18.9,33,31
G4,11.7,8.9,93.54,33,31
A5,11.7,8.5,66.59,33,31
B5,11.7,4,75.13,33,31
C5,11.7,6.7,99.09,33,31
D5,11.7,6.8,49.44,33,31
E5,11.7,5.9,17.76,33,31
F5,11.7,6.7,77.63,33,31
G5,11.7,6.5,52.18,33,31
A6,11.7,6.2,61.94,33,31
B6,11.7,6.9,48.01,33,31
C6,11.7,5.9,75.74,33,31
D6,11.7,7.1,60.39,33,31
E6,11.7,5.1,48.45,33,31
F6,11.7,6.2,91.18,33,31
G6,11.7,5.5,76.68,33,31
A7,11.7,4.6,59.48,33,31
B7,11.7,6.4,32.6,33,31
C7,11.7,7.4,90.66,33,31
D7,11.7,6.5,28.72,33,31
E7,11.7,3.8,70.88,33,31
F7,11.7,7.7,90.2,33,31
G7,11.7,6.5,52.64,33,31
A8,11.7,4.7,14.31,33,31
B8,11.7,5.3,96.5,33,31
C8,11.7,8.2,70.26,33,31
D8,11.7,6.2,85.02,33,31
E8,11.7,4.6,69.43,33,31
F8,11.7,4.8,20.86,33,31
G8,11.7,5.7,69.89,33,31
A9,11.7,8.7,16.85,33,31
B9,11.7,5.2,69.53,33,31
C9,11.7,4.3,28.9,33,31
D9,11.7,8.9,64.64,33,31
E9,11.7,6.5,10.74,33,31
F9,11.7,7.7,15.31,33,31
G9,11.7,6,52.33,33,31
